<assembly>
  <id>fedora-home</id>
  <includeBaseDirectory>false</includeBaseDirectory>
  <formats>
    <format>zip</format>
  </formats>

  <fileSets>

    <!-- Top-level entries -->
    <fileSet>
      <directory>../resources/doc/license</directory>
      <outputDirectory>/docs/license</outputDirectory>
    </fileSet>

    <fileSet>
      <directory>../resources/doc/userdocs</directory>
      <outputDirectory>/docs/userdocs</outputDirectory>
    </fileSet>

    <fileSet>
      <directory>../target/site/apidocs</directory>
      <outputDirectory>/docs/javadocs</outputDirectory>
    </fileSet>

    <fileSet>
      <directory>../resources/inc</directory>
      <outputDirectory>/server</outputDirectory>
      <includes>
        <include>truststore</include>
      </includes>
    </fileSet>

    <fileSet>
      <directory>../resources/wsdl</directory>
      <outputDirectory>/server/management</outputDirectory>
      <includes>
        <include>Fedora-API-M.wsdl</include>
        <include>Fedora-API-M-LITE.wsdl</include>
      </includes>
    </fileSet>  

    <fileSet>
      <directory>../resources/wsdl</directory>
      <outputDirectory>/server/access</outputDirectory>
      <includes>
        <include>Fedora-API-A.wsdl</include>
        <include>Fedora-API-A-LITE.wsdl</include>
      </includes>
    </fileSet>  

    <fileSet>
      <directory>../resources/wsdl</directory>
      <outputDirectory>/server/xsd</outputDirectory>
      <includes>
        <include>*.xsd</include>
      </includes>
    </fileSet>  

    <!-- Server entries -->
    <fileSet>
      <directory>../fcrepo-server/src/main/resources/xsl/access</directory>
      <outputDirectory>/server/access</outputDirectory>
      <includes>
        <include>*.xslt</include>
      </includes>
    </fileSet>  

    <fileSet>
      <directory>../fcrepo-server/src/main/resources/scripts/bat/server</directory>
      <outputDirectory>/server/bin</outputDirectory>
      <filtered>true</filtered>
    </fileSet>  

    <fileSet>
      <directory>../fcrepo-server/src/main/resources/scripts/sh/server</directory>
      <outputDirectory>/server/bin</outputDirectory>
      <fileMode>0755</fileMode>
      <filtered>true</filtered>
    </fileSet>

    <fileSet>
      <directory>../fcrepo-server/src/main/resources/scripts</directory>
      <outputDirectory>/server/bin</outputDirectory>
      <includes>
        <include>logback.xml</include>
      </includes>
    </fileSet>  

    <fileSet>
      <directory>../fcrepo-server/src/main/resources/fcfg/server</directory>
      <outputDirectory>/server/config</outputDirectory>
      <includes>
        <include>fedora-users.xml</include>
      </includes>
    </fileSet>
    
    <fileSet>
      <directory>../fcrepo-security/fcrepo-security-jaas/src/main/resources</directory>
      <outputDirectory>/server/config</outputDirectory>
      <includes>
        <include>jaas.conf</include>
      </includes>
    </fileSet>

    <fileSet>
      <directory>../fcrepo-server/src/main/resources/xsl/management</directory>
      <outputDirectory>/server/management</outputDirectory>
      <includes>
        <include>*.xslt</include>
      </includes>
    </fileSet>  

    <fileSet>
      <directory>../fcrepo-server/src/main/resources/schematron</directory>
      <outputDirectory>/server/schematron</outputDirectory>
      <includes>
        <include>*.xml</include>
        <include>*.xslt</include>
      </includes>
    </fileSet>  

    <fileSet>
      <directory>../fcrepo-server/src/main/resources/xsd</directory>
      <outputDirectory>/server/xsd</outputDirectory>
      <includes>
        <include>*.xsd</include>
        <include>*.dtd</include>
      </includes>
    </fileSet>  

    <fileSet>
      <directory>../fcrepo-server/src/main/resources/xacml-policies</directory>
      <outputDirectory>/server/fedora-internal-use</outputDirectory>
      <includes>
        <include>readme.txt</include>
        <include>readme-design-choices.txt</include>
      </includes>
    </fileSet>  

    <fileSet>
      <directory>../fcrepo-server/src/main/resources/xacml-policies/default/default-repository-policies-approximating-2.0</directory>
      <outputDirectory>/server/fedora-internal-use/fedora-internal-use-repository-policies-approximating-2.0</outputDirectory>
    </fileSet>  

    <fileSet>
      <directory>../fcrepo-server/target</directory>
      <outputDirectory>/server/fedora-internal-use</outputDirectory>
      <includes>
        <include>vocabulary.txt</include>
      </includes>
    </fileSet>  

    <fileSet>
      <directory>../fcrepo-server/src/main/resources/xsl/security</directory>
      <outputDirectory>/server/fedora-internal-use</outputDirectory>
      <includes>
        <include>build-backend-policy.xsl</include>
      </includes>
    </fileSet>  

    <fileSet>
      <directory>../fcrepo-server/src/main/resources/fcfg/server</directory>
      <outputDirectory>/server/fedora-internal-use/config</outputDirectory>
      <includes>
        <include>fedora-base.fcfg</include>
        <include>fedora-*.properties</include>
        <include>*.xml</include>
      </includes>
      <excludes>
        <exclude>fedora-users.xml</exclude>
      </excludes>
    </fileSet> 
 
    <fileSet>
      <directory>../fcrepo-server/src/main/resources/fcfg/server</directory>
      <outputDirectory>/server/config</outputDirectory>
      <includes>
        <include>logback.xml</include>
        <include>akubra-llstore.xml</include>
        <include>mime-to-extensions.xml</include>
      </includes>
    </fileSet>  

    <fileSet>
      <directory>../fcrepo-server/src/main/resources/demo/demo-objects/foxml</directory>
      <outputDirectory>/client/demo/foxml</outputDirectory>
    </fileSet>  

    <fileSet>
      <directory>../fcrepo-server/target/client/demo</directory>
      <outputDirectory>/client/demo</outputDirectory>
    </fileSet>  
    
    <!--  FeSL -->
    <fileSet>
      <directory>../fcrepo-security/fcrepo-security-pdp/src/pdp_home</directory>
      <outputDirectory>pdp</outputDirectory>
    </fileSet>  

    <fileSet>
      <directory>../fcrepo-security/fcrepo-security-pep/src/main/config</directory>
      <outputDirectory>/server/config</outputDirectory>
      <includes>
        <include>config-melcoe-pep.xml</include>
        <include>config-melcoe-pep-mapping.xml</include>
      </includes>
    </fileSet>  

    <!-- Do these files really need to be copied to client/lib? --> 
    <fileSet>
      <directory>../fcrepo-server/src/main/resources/xsl/batchtool</directory>
      <outputDirectory>/client/lib</outputDirectory>
      <includes>
        <include>mets-merge.xsl</include>
        <include>foxml-merge.xsl</include>
      </includes>
    </fileSet>  
    
    <fileSet>
      <directory>../fcrepo-server/src/main/resources/demo/demo-objects/batch-demo</directory>
      <outputDirectory>/client/demo/batch-demo</outputDirectory>
    </fileSet>  

    <fileSet>
      <directory>../fcrepo-server/src/main/resources/xml/batch-demo</directory>
      <outputDirectory>/client/demo/batch-demo</outputDirectory>
    </fileSet>  
    
    <!-- Client entries -->
    <fileSet>
      <directory>../resources/inc</directory>
      <outputDirectory>/client</outputDirectory>
      <includes>
        <include>truststore</include>
      </includes>
    </fileSet>  

    <fileSet>
      <directory>../fcrepo-client/fcrepo-client-admin/src/main/resources/scripts/bat/client</directory>
      <outputDirectory>/client/bin</outputDirectory>
      <filtered>true</filtered>
    </fileSet>  

    <fileSet>
      <directory>../fcrepo-client/fcrepo-client-admin/src/main/resources/scripts/sh/client</directory>
      <outputDirectory>/client/bin</outputDirectory>
      <fileMode>0755</fileMode>
      <filtered>true</filtered>
    </fileSet>  

    <fileSet>
      <directory>../fcrepo-client/fcrepo-client-admin/src/main/resources/scripts</directory>
      <outputDirectory>/client/bin</outputDirectory>
      <includes>
        <include>logback.xml</include>
      </includes>
    </fileSet>

    <fileSet>
      <directory>../fcrepo-client/fcrepo-client-admin/src/main/resources/demo/demo-soapclient</directory>
      <outputDirectory>/client/demo/soapclient</outputDirectory>
      <filtered>true</filtered>
    </fileSet>  

    <!-- Common entries -->
    <fileSet>
      <directory>../fcrepo-common/target/generated-sources/axistools/wsdl2java/org/fcrepo/server/management</directory>
      <outputDirectory>/server/fedora-internal-use/deploy</outputDirectory>
      <includes>
        <include>deploy.wsdd</include>
        <include>undeploy.wsdd</include>
      </includes>
    </fileSet>

  </fileSets>

  <!-- A few files that needed to be renamed -->
  <files>

    <file>
      <source>../fcrepo-server/src/main/resources/fcfg/server/beSecurity-secure-apim.xml</source>
      <outputDirectory>/server/config</outputDirectory>
      <destName>beSecurity.xml</destName>
    </file>

    <file>
      <source>../fcrepo-common/target/generated-sources/axistools/wsdl2java/org/fcrepo/server/access/deploy.wsdd</source>
      <outputDirectory>/server/fedora-internal-use/deploy</outputDirectory>
      <destName>deployAPI-A.wsdd</destName>
    </file>
    <file>
      <source>../fcrepo-common/target/generated-sources/axistools/wsdl2java/org/fcrepo/server/access/undeploy.wsdd</source>
      <outputDirectory>/server/fedora-internal-use/deploy</outputDirectory>
      <destName>undeployAPI-A.wsdd</destName>
    </file>

  </files>

  <dependencySets>
  
    <dependencySet>
      <useProjectArtifact>false</useProjectArtifact>
      <includes>
        <include>org.fcrepo:fcrepo-common</include>
        <include>org.fcrepo:fcrepo-server</include>
        <!-- 
          Note: The include statement below needs catch properly defined
                (i.e. maven-central) dependencies or they will not be
                included in the assembly.
         -->
        <include>batik:*</include>
        <include>commons-codec:commons-codec:jar:*</include>
        <include>commons-discovery:commons-discovery:jar:*</include>
        <include>commons-httpclient:commons-httpclient:jar:*</include>
        <include>commons-pool:commons-pool:jar:*</include>
        <include>gnu.getopt:java-getopt:jar:*</include>
        <include>javax.activation:activation:jar:*</include>
        <include>javax.mail:mail:jar:*</include>
        <include>javax.xml:jaxrpc-api:jar:*</include>
        <include>com.sun.woodstock.dependlibs:jhbasic:jar:*</include>
        <include>javax.xml.soap:saaj-api:jar:*</include>
        <include>org.fcrepo:axis:jar:*</include>
        <include>org.fcrepo:jai_codec:jar:*</include>        
        <include>org.fcrepo:jai_core:jar:*</include>
        <include>org.fcrepo:mulgara-core:jar:*</include>
        <include>org.fcrepo:openrdf-sesame-onejar:*</include>
        <include>org.fcrepo:saxon:jar:*</include>
        <include>org.fcrepo:sunxacml:jar:*</include>
        <include>org.fcrepo:trippi-core:jar:*</include>
        <include>org.slf4j:slf4j-api:jar:*</include>
        <include>org.slf4j:jcl-over-slf4j:jar:*</include>                                         
        <include>org.slf4j:log4j-over-slf4j:jar:*</include>                                         
        <include>ch.qos.logback:logback-core:jar:*</include>
        <include>ch.qos.logback:logback-classic:jar:*</include>
        <include>wsdl4j:wsdl4j:jar:*</include>
        <include>xerces:xercesImpl:jar:*</include>
        <include>xmlpull:xmlpull:jar:*</include>
        <include>xpp3:xpp3_min:jar:*</include>
      </includes>
      <outputDirectory>/client/lib</outputDirectory>
    </dependencySet>

    <dependencySet>
      <useProjectArtifact>false</useProjectArtifact>
      <includes>
        <include>org.fcrepo:fcrepo-client-admin:jar:${project.version}</include>
      </includes>
      <outputDirectory>/client</outputDirectory>
    </dependencySet>

    <dependencySet>
      <useProjectArtifact>false</useProjectArtifact>
      <unpack>true</unpack>
      <includes>
        <include>org.fcrepo:fcrepo-client-messaging-${project.version}:zip:*</include>
      </includes>
      <outputDirectory>/client/fedora-client-messaging</outputDirectory>
    </dependencySet>

    <dependencySet>
      <useProjectArtifact>false</useProjectArtifact>
      <includes>
        <include>org.fcrepo:fcrepo-server:jar:cli-loader-main:*</include>
      </includes>
      <outputDirectory>/server/bin</outputDirectory>
    </dependencySet>

  </dependencySets>

</assembly>
