<assembly>
  <id>fedora-messaging-jar</id>
  <includeBaseDirectory>false</includeBaseDirectory>
  <formats>
    <format>jar</format>
  </formats>
  
  <fileSets>

    <fileSet>
      <directory>target/classes</directory>
      <outputDirectory>/</outputDirectory>
    </fileSet>

    <fileSet>
      <directory>../../fcrepo-common/target/classes/org/fcrepo/common</directory>
      <outputDirectory>/org/fcrepo/common</outputDirectory>
      <includes>
        <include>Constants*.class</include>
        <include>FaultException.class</include>
        <include>MalformedPIDException.class</include>
        <include>Models.class</include> 
        <include>PID.class</include>       
      </includes>
    </fileSet>

    <fileSet>
      <directory>../../fcrepo-common/target/classes/org/fcrepo/common/policy</directory>
      <outputDirectory>/org/fcrepo/common/policy</outputDirectory>
    </fileSet>

    <fileSet>
      <directory>../../fcrepo-common/target/classes/org/fcrepo/common/rdf</directory>
      <outputDirectory>/org/fcrepo/common/rdf</outputDirectory>
    </fileSet>

    <fileSet>
      <directory>../../fcrepo-server/target/classes/org/fcrepo/server</directory>
      <outputDirectory>/org/fcrepo/server</outputDirectory>
      <includes>
        <include>Server.class</include>
        <include>Pluggable.class</include>
        <include>Parameterized.class</include>
        <include>MultiValueMap.class</include> 
        <include>Module.class</include>
        <include>DatastoreConfig.class</include>
        <include>Context.class</include>
      </includes>
    </fileSet>
  
    <fileSet>
      <directory>../../fcrepo-server/target/classes/org/fcrepo/server/config</directory>
      <outputDirectory>/org/fcrepo/server/config</outputDirectory>
      <includes>
        <include>ServerConfigurationParser.class</include>
        <include>ServerConfiguration.class</include>
        <include>Parameter.class</include>
        <include>ModuleConfiguration.class</include> 
        <include>DatastoreConfiguration.class</include>
        <include>Configuration.class</include>
      </includes>
    </fileSet>

    <fileSet>
      <directory>../../fcrepo-server/target/classes/org/fcrepo/server/errors</directory>
      <outputDirectory>/org/fcrepo/server/errors</outputDirectory>
      <includes>
        <include>ShutdownException.class</include>
        <include>ServerShutdownException.class</include>
        <include>ServerInitializationException.class</include>
        <include>ServerException.class</include> 
        <include>ModuleShutdownException.class</include>
        <include>ModuleInitializationException.class</include>
        <include>MessagingException.class</include>
        <include>MalformedPidExceptionException.class</include>
        <include>InitializationException.class</include>
        <include>GeneralException.class</include>
        <include>authorization/AuthzException.class</include>       
      </includes>
    </fileSet>

    <fileSet>
      <directory>../../fcrepo-server/target/classes/org/fcrepo/server/messaging</directory>
      <outputDirectory>/org/fcrepo/server/messaging</outputDirectory>
      <includes>
        <include>PName.class</include>
        <include>JMSManager*.class</include>
        <include>FedoraTypes.class</include>
        <include>FedoraMethod.class</include> 
        <include>FedoraMessage.class</include>
        <include>AtomAPIMMessage.class</include>
        <include>APIMMessage.class</include>       
      </includes>
    </fileSet>

    <fileSet>
      <directory>../../fcrepo-server/target/classes/org/fcrepo/server/resources</directory>
      <outputDirectory>/org/fcrepo/server/resources</outputDirectory>
      <includes>
        <include>MIMETypes.properties</include>
        <include>Server.properties</include>
      </includes>
    </fileSet>
    
    <fileSet>
      <directory>../../fcrepo-server/target/classes/org/fcrepo/server/security</directory>
      <outputDirectory>/org/fcrepo/server/security</outputDirectory>
      <includes>
        <include>Authorization.class</include>
      </includes>
    </fileSet>

    <fileSet>
      <directory>../../fcrepo-server/target/classes/org/fcrepo/server/storage/types</directory>
      <outputDirectory>/org/fcrepo/server/storage/types</outputDirectory>
      <includes>
        <include>RelationshipTuple.class</include>
        <include>TupleArrayTripleIterator.class</include>
      </includes>
    </fileSet>

    <fileSet>
      <directory>../../fcrepo-server/target/classes/org/fcrepo/server/utilities</directory>
      <outputDirectory>/org/fcrepo/server/storage/utilities</outputDirectory>
      <includes>
        <include>DateUtility.class</include>
      </includes>
    </fileSet>

    <fileSet>
      <directory>../../fcrepo-server/target/classes/org/fcrepo/server/utilities/status</directory>
      <outputDirectory>/org/fcrepo/server/storage/utilities/status</outputDirectory>
      <includes>
        <include>ServerState.class</include>
        <include>ServerStatusFile.class</include>
        <include>ServerStatusMessage.class</include>
      </includes>
    </fileSet>

    <fileSet>
      <directory>../../fcrepo-server/target/classes/org/fcrepo/utilities</directory>
      <outputDirectory>/org/fcrepo/utilities</outputDirectory>
      <includes>
        <include>XMLDocument.class</include>
        <include>Log4J.class</include>
        <include>Log4J*.class</include>
      </includes>
    </fileSet>

  </fileSets>
  
  <dependencySets>
  
    <dependencySet>
      <includes>

        <include>com.sun.xml.stream:sjsxp:jar:*</include>
        <include>dom4j:dom4j:jar:*</include>
        <include>javax.activation:activation:jar:*</include>
        <include>javax.xml:jsr173:jar:*</include>
        <include>jaxen:jaxen:jar:*</include>
        <include>org.slf4j:slf4j-api:jar:*</include>                                         
        <include>org.slf4j:log4j-over-slf4j:jar:*</include>                                         
        <include>ch.qos.logback:logback-core:jar:*</include>
        <include>ch.qos.logback:logback-classic:jar:*</include>
        <include>org.apache.abdera:abdera-core:jar:*</include>
        <include>org.apache.abdera:abdera-i18n:jar:*</include>
        <include>org.apache.abdera:abdera-parser:jar:*</include>
        <include>org.apache.activemq:activemq-all:jar:*</include>
        <include>org.apache.ws.commons.axiom:axiom-api:jar:*</include>
        <include>org.apache.ws.commons.axiom:axiom-impl:jar:*</include>

      </includes>
      <outputDirectory>/lib</outputDirectory>
    </dependencySet>
    
  </dependencySets>
</assembly>
